{"Mean":16.833333333333332,"MeanM":11.666666666666666,"MeanF":22,"M12":0,"M23":48,"M34":0,"M45":0,"M56":11,"M61":0,"F12":0,"F23":0,"F34":80,"F45":0,"F56":0,"F61":52,"M89":11}