{"Mean":20.583333333333332,"MeanM":19.833333333333332,"MeanF":21.333333333333332,"M12":0,"M23":0,"M34":27,"M45":0,"M56":0,"M61":92,"F12":0,"F23":0,"F34":44,"F45":0,"F56":0,"F61":84}