{"Mean":17.833333333333332,"MeanM":18.666666666666668,"MeanF":17,"M12":0,"M23":0,"M34":55,"M45":0,"M56":0,"M61":57,"F12":0,"F23":0,"F34":86,"F45":0,"F56":0,"F61":16}