{"Mean":11.75,"MeanM":7.833333333333333,"MeanF":15.666666666666666,"M12":0,"M23":0,"M34":39,"M45":0,"M56":0,"M61":8,"F12":0,"F23":0,"F34":85,"F45":0,"F56":0,"F61":9}