{
  "Mean": 16.958337364136,
  "1_2": 39.13850403,
  "2_3": 20.16934204,
  "3_4": 17.07935333,
  "4_5": 6.654388428,
  "5_6": 0,
  "6_7": 4.895275116,
  "7_8": 0,
  "8_9": 0,
  "9_10": 16.50938034,
  "10_11": 27.68098068,
  "11_12": 20.83826447,
  "12_13": 26.00750732,
  "13_14": 28.98968315,
  "14_15": 19.66426849,
  "15_16": 0,
  "16_17": 14.22280502,
  "17_18": 35.11130142,
  "18_19": 29.45453262,
  "19_20": 32.22225571,
  "20_21": 13.05418396,
  "21_22": 0,
  "22_23": 37.36351013,
  "23_24": 16.82076645,
  "24_25": 9.49887085,
  "25_26": 19.85055161,
  "26_27": 10.72041321,
  "27_28": 0,
  "28_29": 0.1390151978,
  "29_30": 0,
  "30_31": 47.08343124,
  "31_32": 18.13897324,
  "32_33": 2.274620056,
  "33_34": 52.16169357,
  "34_35": 38.68898773,
  "35_36": 6.707298279,
  "36_37": 20.91869736,
  "37_38": 5.77658844,
  "38_39": 19.92643738,
  "39_40": 10.41798782,
  "40_41": 29.97364998,
  "41_42": 20.67205811,
  "42_43": 21.68409729,
  "43_44": 14.52947235,
  "44_45": 0,
  "45_46": 24.14390945,
  "46_47": 0,
  "47_48": 30.94269753,
  "48_49": 0,
  "49_50": 37.79111481,
  "50_1": 0
}