{
  "Mean": 40.95276705258333,
  "MeanM": 53.70350138183333,
  "MeanF": 28.202032723333332,
  "M12": 41.81056976,
  "M23": 9.061794281,
  "M34": 60.68712997,
  "M45": 74.72836304,
  "M56": 65.1058197,
  "M61": 70.82733154,
  "F12": 21.635746,
  "F23": 27.20385742,
  "F34": 26.85903931,
  "F45": 31.56037521,
  "F56": 41.09953308,
  "F61": 20.85364532
}