{
  "Min": 80.2496051775,
  "Mean": 88.48482672322918,
  "M1": 95.572065355,
  "M2": 93.54782200000001,
  "M3": 94.68978118875,
  "M4": 93.51828765875001,
  "M5": 95.14736366125001,
  "M6": 96.24996757375,
  "F1": 80.2496051775,
  "F2": 92.24753093625,
  "F3": 89.83343887375001,
  "F4": 89.10852145999999,
  "F5": 90.28244495249999,
  "F6": 91.12148666374999
}