{
  "Mean": 48.05866909083334,
  "MeanM": 48.08870379166667,
  "MeanF": 48.02863439,
  "M12": 58.79366302,
  "M23": 67.6053772,
  "M34": 24.96317673,
  "M45": 55.60465622,
  "M56": 37.0817337,
  "M61": 44.48361588,
  "F12": 42.24407196,
  "F23": 51.81776428,
  "F34": 36.04805756,
  "F45": 72.19632721,
  "F56": 33.39905548,
  "F61": 52.46652985
}