{
  "Min": 77.447806835,
  "Mean": 84.6892122428125,
  "M1": 85.38109493375,
  "M2": 88.14197731,
  "M3": 95.94256401125,
  "M4": 92.98663520875,
  "M5": 90.00855064374998,
  "M6": 93.3344106675,
  "F1": 85.86583232750002,
  "F2": 89.34630393999998,
  "F3": 77.447806835,
  "F4": 86.02879047249999,
  "F5": 91.7006273275,
  "F6": 82.63814640125
}