{
  "Mean": 54.42983837080001,
  "1_2": 54.17103577,
  "2_3": 33.43246841,
  "3_4": 43.55974197,
  "4_5": 71.348526,
  "5_6": 45.46198273,
  "6_7": 54.95824432,
  "7_8": 59.45726395,
  "8_9": 71.69978333,
  "9_10": 58.10257339,
  "10_11": 57.77393341,
  "11_12": 44.6051178,
  "12_13": 54.07549286,
  "13_14": 59.45870972,
  "14_15": 72.57972717,
  "15_16": 76.68539429,
  "16_17": 71.65750122,
  "17_18": 59.45421982,
  "18_19": 54.69229889,
  "19_20": 72.37884521,
  "20_21": 76.24604797,
  "21_22": 76.92640686,
  "22_23": 41.88283539,
  "23_24": 37.09007263,
  "24_25": 76.08035278,
  "25_26": 61.23942566,
  "26_27": 64.2985611,
  "27_28": 63.77690887,
  "28_29": 48.06652832,
  "29_30": 59.71542358,
  "30_31": 78.11290741,
  "31_32": 65.97337341,
  "32_33": 56.36933517,
  "33_34": 78.04129791,
  "34_35": 77.66669464,
  "35_36": 52.28513336,
  "36_37": 29.25893211,
  "37_38": 13.51119995,
  "38_39": 10.31274033,
  "39_40": 27.68606186,
  "40_41": 64.23390961,
  "41_42": 38.82685471,
  "42_43": 13.8507309,
  "43_44": 40.54747772,
  "44_45": 32.66908264,
  "45_46": 36.71844482,
  "46_47": 50.73400497,
  "47_48": 34.44304657,
  "48_49": 48.74568176,
  "49_50": 79.91538239,
  "50_1": 70.71420288
}