{
  "Mean": 38.608699164166666,
  "MeanM": 40.367564521666665,
  "MeanF": 36.849833806666666,
  "M12": 20.18178177,
  "M23": 57.12303925,
  "M34": 65.62291718,
  "M45": 36.36346436,
  "M56": 41.2868042,
  "M61": 21.62738037,
  "F12": 26.9306221,
  "F23": 37.18915558,
  "F34": 56.37462997,
  "F45": 41.53897095,
  "F56": 21.53457642,
  "F61": 37.53104782
}