{
  "Min": 81.14224052374999,
  "Mean": 95.23693887395832,
  "M1": 90.60626220625,
  "M2": 88.7221364975,
  "M3": 94.9117803575,
  "M4": 94.76644134624999,
  "M5": 93.94910907750001,
  "M6": 92.05643749250001,
  "F1": 82.19316196374999,
  "F2": 85.73963928375,
  "F3": 83.13623618999999,
  "F4": 81.14224052374999,
  "F5": 88.624100685,
  "F6": 85.85348034
}