{
  "Mean": 11.031055291333333,
  "MeanM": 5.201592762333333,
  "MeanF": 16.86051782033333,
  "M12": 0,
  "M23": 6.754356384,
  "M34": 14.13426971,
  "M45": 10.32093048,
  "M56": 0,
  "M61": 0,
  "F12": 0,
  "F23": 16.90035248,
  "F34": 17.70882797,
  "F45": 9.634803772,
  "F56": 27.81050873,
  "F61": 29.10861397
}