{
  "Min": 81.76445770125001,
  "Mean": 95.93121854489584,
  "M1": 88.98668670625,
  "M2": 91.05008411375,
  "M3": 94.42733573875,
  "M4": 89.16986942500002,
  "M5": 94.99534225500001,
  "M6": 93.1375303275,
  "F1": 89.90159225500001,
  "F2": 83.36221409000001,
  "F3": 88.33242893250001,
  "F4": 81.76445770125001,
  "F5": 90.28871154875002,
  "F6": 83.99391174375
}